Condition,Symptoms,Medicine,Effectiveness,Side_Effects,Salts,Public_Review
Headache,Persistent pain in the head,Reliefol,High,"Drowsiness, Nausea","Acetaminophen, Caffeine",Reliefol worked wonders for my headaches. Quick relief!
Allergies,"Sneezing, Itchy eyes, Runny nose",Allegra,Moderate,"Dry mouth, Headache",Fexofenadine,"Allegra helps with my allergies, but the dry mouth is annoying."
Insomnia,"Difficulty falling asleep, frequent waking during the night",SleepWell,Very High,None,"Melatonin, Valerian Root",SleepWell is a game-changer for my insomnia. Highly recommend!
High Blood Pressure,"Headache, Shortness of breath, Chest pain",HypoPressure,Moderate,"Dizziness, Fatigue","Amlodipine, Hydrochlorothiazide",HypoPressure has helped stabilize my blood pressure levels.
Common Cold,"Sneezing, Coughing, Sore throat, Fatigue",ColdEase,High,None,"Vitamin C, Zinc",ColdEase is my go-to for fighting off a cold. Effective and fast!
Migraine,"Intense throbbing in one area, Visual disturbances",MigraineRelief,Very High,"Nausea, Sensitivity to light",Sumatriptan,MigraineRelief is a lifesaver during migraine attacks.
Acid Reflux,"Heartburn, Regurgitation, Chest pain",AcidGuard,High,Upset stomach,Esomeprazole,AcidGuard provides effective relief from acid reflux symptoms.
Arthritis,"Joint pain, Swelling, Stiffness, Reduced range of motion",FlexiJoint,Moderate,"Upset stomach, Rash","Glucosamine, Chondroitin","FlexiJoint helps with my arthritis pain, but the rash can be bothersome."
Allergic Reactions,"Itchy skin, Rash, Swelling, Shortness of breath",AntihistamineCream,High,None,Diphenhydramine,AntihistamineCream is my go-to for allergic skin reactions. It works fast.
Diabetes,"Increased thirst, Frequent urination, Fatigue",GlucoControl,Very High,None,Metformin,GlucoControl has been effective in managing my blood sugar levels.
Anxiety,"Excessive worrying, Restlessness",CalmPill,Moderate,"Drowsiness, Dry mouth","L-Theanine, Ashwagandha","CalmPill helps take the edge off my anxiety, but the drowsiness can be a downside."
Asthma,"Shortness of breath, Wheezing, Chest tightness",BreatheEZ,High,None,Albuterol,BreatheEZ is a reliable inhaler for managing my asthma symptoms.
Acne,"Pimples, Blackheads, Red spots, Inflammation",ClearSkin,High,"Dry skin, Irritation","Salicylic acid, Benzoyl peroxide","ClearSkin has been effective in clearing up my acne. Minor irritation, but worth it."
Hypothyroidism,"Fatigue, Weight gain, Dry skin, Cold intolerance",ThyroBalance,Moderate,None,Levothyroxine,ThyroBalance has helped improve my energy levels with no noticeable side effects.
Nausea,"Feeling of sickness in the stomach, Vomiting",AntiNausea,High,"Drowsiness, Dry mouth",Ondansetron,AntiNausea is my go-to for relieving nausea. Works like a charm.
Osteoporosis,"Brittle bones, Fractures, Back pain",BoneFortify,Very High,None,"Calcium, Vitamin D",BoneFortify has been crucial in strengthening my bones. No side effects.
Hay Fever,"Sneezing, Runny nose, Itchy eyes",PollenShield,High,None,Loratadine,PollenShield is effective in preventing hay fever symptoms. No complaints.
Eczema,"Itchy, Inflamed skin, Rash, Dry, sensitive skin",EczemaRelief,Moderate,Skin irritation,"Hydrocortisone, Colloidal oatmeal","EczemaRelief provides relief, but the skin irritation can be a drawback."
High Heart Rate,"Difficulty breathing, Rapid heartbeat",CardioGuard,Very High,"Dizziness, Fatigue",Atenolol,CardioGuard has effectively controlled my high heart rate. Highly recommended.
Depression,"Persistent sadness, Loss of interest in activities",MoodStabilizer,High,"Weight gain, Drowsiness",Sertraline,"MoodStabilizer has helped lift my mood, but watch out for the drowsiness."
Seasonal Allergies,"Sneezing, Itchy eyes, Runny nose",Allegra,Moderate,"Dry mouth, Headache",Fexofenadine,"Allegra helps with my seasonal allergies, but the dry mouth is annoying."
Food Allergies,"Hives, Swelling, Abdominal pain, Nausea",EpiPen,High,"Anxiety, Rapid heartbeat",Epinephrine,EpiPen is a life-saver for my food allergies. Quick and effective.
Pet Allergies,"Sneezing, Itchy or watery eyes, Skin rash",Claritin,Moderate,"Dry mouth, Fatigue",Loratadine,Claritin provides relief from my pet allergies. Some fatigue but manageable.
Drug Allergies,"Skin rash, Itching, Swelling, Fever",Benadryl,High,"Drowsiness, Dry mouth",Diphenhydramine,Benadryl is effective in treating my drug allergies. Watch out for drowsiness.
Insect Sting Allergies,"Swelling, Redness, Itching, Difficulty breathing",Epipen,Very High,"Anxiety, Rapid heartbeat",Epinephrine,Epipen is essential for my insect sting allergies. Rapid relief and life-saving.
Latex Allergies,"Skin rash, Itching, Hives, Swelling",Zyrtec,Moderate,"Drowsiness, Dry mouth",Cetirizine,Zyrtec helps with my latex allergies. Mild drowsiness as a side effect.
Mold Allergies,"Sneezing, Coughing, Itchy eyes, Fatigue",Nasacort,High,"Nosebleeds, Headache",Triamcinolone,Nasacort is effective for my mold allergies. Some side effects but manageable.
Pollen Allergies,"Sneezing, Runny nose, Itchy throat, Fatigue",Flonase,Moderate,"Nosebleeds, Headache",Fluticasone,Flonase provides relief from my pollen allergies. Some side effects but worth it.
Skin Allergies,"Itchy skin, Rash, Hives, Redness",Hydrocortisone Cream,High,None,Hydrocortisone,Hydrocortisone Cream is my go-to for skin allergies. Works fast with no major side effects.
Contact Dermatitis,"Red rash, Itching, Swelling, Blisters",Cortizone-10,High,"Dryness, Burning sensation",Hydrocortisone,Cortizone-10 effectively treats my contact dermatitis. Mild dryness but quick relief.
Eczema,"Itchy, Inflamed skin, Rash, Dry, sensitive skin",EczemaRelief,Moderate,Skin irritation,Hydrocortisone,"Colloidal oatmeal EczemaRelief provides relief, but the skin irritation can be a drawback."
Psoriasis,"Red patches, Silvery scales, Itching, Burning sensation",Dovonex,High,"Skin irritation, Dryness",Calcipotriene,Dovonex has been effective in managing my psoriasis. Mild skin irritation is a trade-off.
Hives,"Raised, itchy welts on the skin",Zyrtec,Moderate,"Drowsiness, Dry mouth",Cetirizine,Zyrtec helps with my hives. Some drowsiness but manageable.
Angioedema,"Swelling beneath the skin, Abdominal pain",Epipen,Very High,"Anxiety, Rapid heartbeat",Epinephrine,Epipen is crucial for managing my angioedema. Rapid relief and life-saving.
Allergic Contact Dermatitis,"Red rash, Itching, Swelling, Blisters",Allegra Gel,High,"Dryness, Burning sensation",Fexofenadine,Allegra Gel effectively treats my allergic contact dermatitis. Mild dryness but quick relief.
Urticaria (Chronic Hives),"Recurring, itchy welts on the skin",Xyzal,Moderate,"Drowsiness, Dry mouth",Levocetirizine,Xyzal helps with my chronic hives. Some drowsiness but manageable.
Atopic Dermatitis,"Itchy, red, and cracked skin",Elidel,Moderate,"Burning sensation, Headache",Pimecrolimus,Elidel has been effective in managing my atopic dermatitis. Mild burning sensation as a side effect.
Seborrheic Dermatitis,"Scaly patches, Red skin, Dandruff",Nizoral,High,"Dryness, Itching",Ketoconazole,Nizoral is effective for my seborrheic dermatitis. Some dryness but worth it.
Coronary Artery Disease (CAD),"Chest pain, Shortness of breath, Fatigue",Aspirin,High,"Upset stomach, Bleeding risk",Acetylsalicylic Acid,"Aspirin has been crucial in managing my CAD. Some stomach discomfort, but effective."
Heart Failure,"Shortness of breath, Fatigue, Swelling in legs",Lasix,High,"Dehydration, Low blood pressure",Furosemide,Lasix helps with managing fluid buildup in my heart failure. Watch out for dehydration.
Angina,"Chest pain, Discomfort, Shortness of breath",Nitroglycerin,Very High,"Headache, Dizziness",Nitroglycerin,Nitroglycerin provides rapid relief for my angina. Minor headaches are a trade-off.
Arrhythmia,"Irregular heartbeat, Fluttering in the chest",Beta-Blockers,Moderate,"Fatigue, Dizziness",Metoprolol,Beta-Blockers help control my arrhythmia. Some fatigue and dizziness as side effects.
Hypertrophic Cardiomyopathy,"Shortness of breath, Chest pain, Fatigue",Verapamil,Moderate,"Constipation, Low blood pressure",Verapamil,Verapamil has been effective in managing my hypertrophic cardiomyopathy. Watch for constipation.
Atrial Fibrillation,"Rapid, irregular heartbeat",Warfarin,High,"Bleeding risk, Upset stomach",Warfarin,Warfarin is crucial in preventing blood clots in my atrial fibrillation. Some stomach discomfort but effective.
Myocardial Infarction (Heart Attack),"Chest pain, Shortness of breath, Sweating",Clopidogrel,High,"Bleeding risk, Upset stomach",Clopidogrel,Clopidogrel has been crucial in preventing further heart attacks. Some stomach discomfort but worth it.
Cardiomyopathy,"Shortness of breath, Fatigue, Swelling in legs",Ace Inhibitors,Moderate,"Cough, Low blood pressure",Enalapril,Ace Inhibitors help manage my cardiomyopathy. Watch for the cough side effect.
Congestive Heart Failure,"Shortness of breath, Fatigue, Swelling in legs",Digoxin,Moderate,"Nausea, Visual disturbances",Digoxin,Digoxin helps with my congestive heart failure. Watch for nausea and visual disturbances.
Peripheral Artery Disease (PAD),"Leg pain, Numbness, Weakness",Cilostazol,Moderate,"Headache, Dizziness",Cilostazol,Cilostazol has been effective in managing my PAD symptoms. Some headache and dizziness.
Rheumatic Heart Disease,"Chest pain, Shortness of breath, Fatigue",Penicillin,High,"Allergic reactions, Upset stomach",Penicillin,Penicillin is crucial in preventing and treating rheumatic heart disease. Watch for allergies.
Valvular Heart Disease,"Shortness of breath, Fatigue, Chest pain",Diuretics,Moderate,"Dehydration, Low blood pressure",Furosemide,Diuretics help manage fluid buildup in my valvular heart disease. Watch for dehydration.
Breast Cancer,"Breast lump, Changes in breast shape, Nipple discharge",Tamoxifen,High,"Hot flashes, Nausea",Tamoxifen,"Tamoxifen has been effective in treating my breast cancer. Some side effects, but manageable."
Lung Cancer,"Persistent cough, Chest pain, Shortness of breath",Chemotherapy,High,"Nausea, Hair loss",Various,Chemotherapy is a crucial part of my lung cancer treatment. Side effects are challenging but necessary.
Prostate Cancer,"Frequent urination, Difficulty urinating, Blood in urine",Lupron,High,"Hot flashes, Fatigue",Leuprolide,Lupron is effective in managing my prostate cancer. Hot flashes are a trade-off for its benefits.
Colon Cancer,"Change in bowel habits, Blood in stool, Abdominal pain",Fluorouracil,High,"Nausea, Diarrhea",Fluorouracil,Fluorouracil is crucial in my colon cancer treatment. Nausea and diarrhea are common but worth it.
Ovarian Cancer,"Abdominal bloating, Pelvic pain, Changes in bowel habits",Carboplatin,High,"Nausea, Fatigue",Carboplatin,"Carboplatin is a key part of my ovarian cancer treatment. Side effects can be challenging, but it's effective."
Pancreatic Cancer,"Abdominal pain, Jaundice, Unexplained weight loss",Gemcitabine,High,"Nausea, Low blood cell counts",Gemcitabine,Gemcitabine is essential in my pancreatic cancer treatment. Nausea and low blood cell counts are common side effects.
Skin Cancer (Melanoma),"Changes in mole, Itching, Skin discoloration",Ipilimumab,High,"Fatigue, Diarrhea",Ipilimumab,Ipilimumab has been effective in treating my melanoma. Side effects are manageable compared to the benefits.
Leukemia,"Fatigue, Frequent infections, Unexplained weight loss",Imatinib,High,"Nausea, Muscle cramps",Imatinib,Imatinib is crucial in managing my leukemia. Nausea and muscle cramps are common but tolerable.
Cervical Cancer,"Abnormal vaginal bleeding, Pelvic pain, Pain during intercourse",Cisplatin,High,"Nausea, Kidney damage",Cisplatin,Cisplatin is a key component of my cervical cancer treatment. Nausea and potential kidney damage are considerations.
Bladder Cancer,"Blood in urine, Pelvic pain, Frequent urination",Bacillus Calmette-Guerin (BCG),High,"Flu-like symptoms, Bladder irritation",BCG Vaccine,BCG has been effective in my bladder cancer treatment. Flu-like symptoms and bladder irritation are common but manageable.
Liver Cancer,"Abdominal pain, Unexplained weight loss, Jaundice",Sorafenib,High,"Hand-foot syndrome, Fatigue",Sorafenib,Sorafenib is crucial in managing my liver cancer. Hand-foot syndrome and fatigue are common side effects.
Influenza (Flu),"Fever, Cough, Fatigue",Oseltamivir,High,"Nausea, Vomiting",Oseltamivir,Oseltamivir effectively treats my flu symptoms. Nausea is a temporary drawback.
Common Cold,"Sneezing, Runny nose, Sore throat",Ibuprofen,Moderate,"Upset stomach, Dizziness",Ibuprofen,Ibuprofen helps alleviate my cold symptoms. Some dizziness but overall satisfied.
COVID-19,"Fever, Cough, Shortness of breath",Remdesivir,Moderate,"Nausea, Liver function issues",Remdesivir,Remdesivir has been helpful in managing my COVID-19 symptoms. Watch for potential side effects.
Chickenpox,"Itchy red spots, Fever, Fatigue",Acyclovir,High,"Nausea, Headache",Acyclovir,"Acyclovir is effective in treating my chickenpox. Some discomfort, but it speeds up the healing process."
Tuberculosis,"Persistent cough, Chest pain, Weight loss",Isoniazid,High,"Liver toxicity, Peripheral neuropathy",Isoniazid,Isoniazid is crucial in treating my tuberculosis. Side effects are monitored for effective treatment.
Strep Throat,"Sore throat, Fever, Swollen tonsils",Penicillin,Very High,"Allergic reactions, Upset stomach",Penicillin,Penicillin has been effective in treating my strep throat. Watch for allergies and stomach discomfort.
HIV/AIDS,"Fatigue, Rapid weight loss, Recurrent infections",Antiretroviral Therapy (ART),High,"Nausea, Headache",Various,Antiretroviral Therapy is crucial in managing my HIV/AIDS. Side effects are manageable for the positive outcomes.
Gonorrhea,"Painful urination, Unusual discharge, Pelvic pain",Ceftriaxone,Very High,"Allergic reactions, Diarrhea",Ceftriaxone,"Ceftriaxone is effective in treating my gonorrhea. Some discomfort, but it clears the infection."
Ringworm,"Itchy, Red, Circular rash",Clotrimazole,High,"Skin irritation, Burning sensation",Clotrimazole,Clotrimazole effectively treats my ringworm. Some skin irritation but worth it for the relief.
Candidiasis (Yeast Infection),"Itching, Burning, White discharge",Fluconazole,Moderate,"Nausea, Abdominal pain",Fluconazole,Fluconazole helps with my yeast infection. Watch for temporary discomfort.
Malaria,"Fever, Chills, Sweating",Chloroquine,High,"Nausea, Visual disturbances",Chloroquine,"Chloroquine is crucial in treating my malaria. Some side effects, but it saves lives."
Lyme Disease,"Bull's-eye rash, Fever, Fatigue",Doxycycline,High,"Sun sensitivity, Upset stomach",Doxycycline,Doxycycline has been effective in treating my Lyme disease. Watch for sun sensitivity and stomach discomfort.
Hepatitis B,"Jaundice, Abdominal pain, Fatigue",Tenofovir,High,"Nausea, Diarrhea",Tenofovir,"Tenofovir is crucial in managing my hepatitis B. Some discomfort, but it controls the infection."
Pneumonia,"Cough, Shortness of breath, Chest pain",Azithromycin,High,"Nausea, Diarrhea",Azithromycin,Azithromycin effectively treats my pneumonia. Some stomach discomfort but overall satisfied.
Athlete's Foot,"Itchy, Cracked skin between toes",Terbinafine,High,"Skin irritation, Burning sensation",Terbinafine,Terbinafine effectively treats my athlete's foot. Some skin irritation but worth it for the relief.
Syphilis,"Painless sores, Skin rash, Fever",Penicillin G,Very High,"Allergic reactions, Upset stomach",Penicillin G,Penicillin G is effective in treating my syphilis. Watch for allergies and stomach discomfort.
Norovirus Infection,"Nausea, Vomiting, Diarrhea",Rehydration Therapy,Moderate,"Abdominal cramps, Headache",Various,Rehydration therapy helps manage my norovirus infection. Some discomfort but aids in recovery.
Aspergillosis,"Cough, Shortness of breath, Chest pain",Voriconazole,High,"Visual disturbances, Nausea",Voriconazole,"Voriconazole is crucial in treating my aspergillosis. Some side effects, but it's effective against the infection."
Whooping Cough (Pertussis),"Severe coughing fits, Vomiting after coughing",Azithromycin,Moderate,"Nausea, Diarrhea",Azithromycin,Azithromycin helps with my whooping cough. Some stomach discomfort but aids in recovery.
Cryptococcosis,"Headache, Fever, Neck stiffness",Amphotericin B,High,"Infusion reactions, Kidney problems",Amphotericin B,Amphotericin B is crucial in treating my cryptococcosis. Watch for potential side effects.
Rabies,"Fever, Headache, Excessive salivation",Rabies Vaccine,Very High,"Injection site pain, Headache",Inactivated Rabies Virus,Rabies vaccine has effectively prevented the onset of rabies. Minor discomfort at the injection site is a small price to pay.
Hantavirus Pulmonary Syndrome,"Fever, Muscle aches, Shortness of breath",No specific antiviral treatment,N/A,N/A,N/A,No specific antiviral treatment is available for Hantavirus Pulmonary Syndrome. Supportive care is essential.
C Difficile Infection,"Watery diarrhea, Abdominal pain, Fever",Vancomycin,High,"Nausea, Stomach cramps",Vancomycin,Vancomycin effectively treats my C. difficile infection. Some stomach discomfort but a necessary treatment.
Histoplasmosis,"Fever, Cough, Chest pain",Itraconazole,Moderate,"Nausea, Headache",Itraconazole,"Itraconazole helps with my histoplasmosis. Some side effects, but it's effective against the fungal infection."
Invasive Candidiasis,"Fever, Chills, Low blood pressure",Amphotericin B,Very High,"Infusion reactions, Kidney problems",Amphotericin B,Amphotericin B is crucial in treating my invasive candidiasis. Watch for potential side effects.
MERS-CoV (Middle East Respiratory Syndrome),"Fever, Cough, Shortness of breath",No specific antiviral treatment,N/A,N/A,N/A,No specific antiviral treatment is available for MERS-CoV. Supportive care is essential.
Legionnaires' Disease,"Cough, Shortness of breath, High fever",Azithromycin,High,"Nausea, Diarrhea",Azithromycin,Azithromycin is effective in treating my Legionnaires' disease. Some stomach discomfort but aids in recovery.
Cryptosporidiosis,"Watery diarrhea, Stomach cramps, Nausea",Nitazoxanide,High,"Headache, Yellowing of the eyes/skin",Nitazoxanide,Nitazoxanide effectively treats my cryptosporidiosis. Some side effects but worth it for the relief.
Hepatitis C,"Fatigue, Jaundice, Abdominal pain",Direct-Acting Antivirals (DAAs),High,"Nausea, Headache",Various,"Direct-Acting Antivirals have been crucial in treating my hepatitis C. Some discomfort, but the treatment is effective."
Zika Virus Infection,"Fever, Rash, Joint pain",Supportive care,N/A,N/A,N/A,Supportive care is the primary approach for Zika virus infection. Rest and hydration play a key role in recovery.
Staphylococcal Infections,"Skin infections, Abscesses, Pneumonia",Dicloxacillin,High,"Nausea, Diarrhea",Dicloxacillin,Dicloxacillin is effective in treating my staphylococcal infection. Some stomach discomfort but aids in recovery.
Shigellosis,"Diarrhea, Abdominal cramps, Fever",Ciprofloxacin,High,"Nausea, Headache",Ciprofloxacin,"Ciprofloxacin effectively treats my shigellosis. Some side effects, but it aids in recovery from the bacterial infection."
Cytomegalovirus (CMV) Infection,"Fatigue, Fever, Muscle aches",Ganciclovir,High,"Low blood cell counts, Nausea",Ganciclovir,"Ganciclovir is crucial in managing my CMV infection. Some discomfort, but the treatment is effective."
Rocky Mountain Spotted Fever,"Fever, Rash, Headache",Doxycycline,High,"Sun sensitivity, Upset stomach",Doxycycline,Doxycycline is effective in treating my Rocky Mountain spotted fever. Watch for sun sensitivity and stomach discomfort.
Aspergillus Pneumonia,"Fever, Chest pain, Shortness of breath",Voriconazole,High,"Visual disturbances, Nausea",Voriconazole,"Voriconazole is crucial in treating my Aspergillus pneumonia. Some side effects, but it's effective against the fungal infection."
Valley Fever (Coccidioidomycosis),"Cough, Chest pain, Fatigue",Fluconazole,Moderate,"Nausea, Abdominal pain",Fluconazole,Fluconazole helps with my Valley Fever. Some discomfort but aids in recovery from the fungal infection.
Leprosy,"Skin lesions, Numbness, Muscle weakness",Multidrug Therapy (MDT),Very High,"Nausea, Skin rashes",Various,"Multidrug Therapy is crucial in treating my leprosy. Some discomfort, but it's effective against the bacterial infection."
Yellow Fever,"Fever, Muscle pain, Jaundice",Yellow Fever Vaccine,Very High,"Injection site pain, Headache",Live Attenuated Yellow Fever Virus,Yellow Fever Vaccine has effectively prevented the onset of yellow fever. Minor discomfort at the injection site is a small price to pay.
Norwegian Scabies,"Severe itching, Thick crusts on skin",Ivermectin,High,"Skin irritation, Burning sensation",Ivermectin,Ivermectin effectively treats my Norwegian scabies. Some skin irritation but worth it for the relief.
West Nile Virus Infection,"Fever, Headache, Muscle weakness",Supportive care,N/A,N/A,N/A,Supportive care is the primary approach for West Nile Virus Infection. Rest and hydration play a key role in recovery.
Buruli Ulcer,"Painless skin ulcer, Swelling, Skin nodules",Rifampicin,High,"Nausea, Abdominal pain",Rifampicin,Rifampicin effectively treats my Buruli ulcer. Some discomfort but aids in recovery from the bacterial infection.
Fungal Meningitis,"Headache, Fever, Stiff neck",Amphotericin B,High,"Infusion reactions, Kidney problems",Amphotericin B,Amphotericin B is crucial in treating my fungal meningitis. Watch for potential side effects.
Tetanus,"Muscle stiffness, Difficulty swallowing, Fever",Tetanus Vaccine,Very High,"Injection site pain, Headache",Inactivated Tetanus Toxoid,Tetanus vaccine has effectively prevented the onset of tetanus. Minor discomfort at the injection site is a small price to pay.
Q Fever,"Fever, Headache, Muscle aches",Doxycycline,High,"Sun sensitivity, Upset stomach",Doxycycline,Doxycycline is effective in treating my Q fever. Watch for sun sensitivity and stomach discomfort.
Chagas Disease,"Fever, Swelling at infection site, Fatigue",Nifurtimox,High,"Nausea, Loss of appetite",Nifurtimox,"Nifurtimox is crucial in treating my Chagas disease. Some discomfort, but it's effective against the parasitic infection."
Lassa Fever,"Fever, Headache, Muscle aches",Ribavirin,Moderate,"Nausea, Fatigue",Ribavirin,Ribavirin has been helpful in managing my Lassa fever. Watch for potential side effects.
Rift Valley Fever,"Fever, Muscle pain, Liver dysfunction",Ribavirin,High,"Nausea, Fatigue",Ribavirin,Ribavirin has been helpful in managing my Rift Valley Fever. Watch for potential side effects.
Lymphatic Filariasis,"Swelling of limbs, Skin thickening, Pain",Diethylcarbamazine,High,"Nausea, Headache",Diethylcarbamazine,"Diethylcarbamazine effectively treats my lymphatic filariasis. Some side effects, but it aids in recovery from the parasitic infection."
Mucormycosis (Zygomycosis),"Fever, Headache, Facial swelling",Posaconazole,High,"Nausea, Vomiting",Posaconazole,Posaconazole helps with my mucormycosis. Some discomfort but aids in recovery from the fungal infection.
Brucellosis,"Fever, Sweating, Fatigue",Doxycycline,High,"Sun sensitivity, Upset stomach",Doxycycline,Doxycycline is effective in treating my brucellosis. Watch for sun sensitivity and stomach discomfort.
Amebiasis,"Diarrhea, Abdominal pain, Fatigue",Metronidazole,High,"Metallic taste, Nausea",Metronidazole,Metronidazole effectively treats my amebiasis. Some discomfort but aids in recovery from the parasitic infection.
Pleurisy,"Chest pain, Difficulty breathing, Cough",Ibuprofen,Moderate,"Upset stomach, Dizziness",Ibuprofen,Ibuprofen helps alleviate my pleurisy symptoms. Some dizziness but overall satisfied.
Mycoplasma Pneumonia,"Cough, Fever, Fatigue",Azithromycin,Moderate,"Nausea, Diarrhea",Azithromycin,Azithromycin helps with my mycoplasma pneumonia. Some stomach discomfort but aids in recovery from the bacterial infection.
Chikungunya Fever,"Fever, Joint pain, Rash",Supportive care,N/A,N/A,N/A,Supportive care is the primary approach for Chikungunya Fever. Rest and hydration play a key role in recovery.
Melioidosis,"Fever, Cough, Abdominal pain",Meropenem,High,"Nausea, Headache",Meropenem,"Meropenem is crucial in treating my melioidosis. Some side effects, but it aids in recovery from the bacterial infection."
Plague,"Fever, Swollen lymph nodes, Abdominal pain",Streptomycin,High,"Hearing loss, Kidney problems",Streptomycin,Streptomycin effectively treats my plague. Some discomfort but aids in recovery from the bacterial infection.
Hand Hygiene Promotion,Prevention of various infections,Hand Sanitizer,N/A,N/A,N/A,Hand sanitizer is a crucial preventive measure for various infections. Convenient and effective in maintaining hand hygiene.
Hookworm Infection,"Itchy rash, Abdominal pain, Diarrhea",Mebendazole,High,"Nausea, Headache",Mebendazole,"Mebendazole is effective in treating my hookworm infection. Some side effects, but it aids in recovery from the parasitic infection."
Chancroid,"Painful sores, Swollen lymph nodes, Fever",Azithromycin,High,"Nausea, Diarrhea",Azithromycin,Azithromycin helps with my chancroid. Some stomach discomfort but aids in recovery from the bacterial infection.
Muscle Strain,"Pain, Swelling, Limited range of motion",Ibuprofen,High,"Upset stomach, Dizziness",Ibuprofen,Ibuprofen effectively relieves my muscle strain pain. Some dizziness but overall satisfied.
Muscle Sprain,"Pain, Bruising, Limited range of motion",Acetaminophen,High,"Liver toxicity, Nausea",Acetaminophen,Acetaminophen helps with my muscle sprain pain. Watch for potential side effects.
Muscle Spasm,"Involuntary muscle contractions, Pain",Cyclobenzaprine,Moderate,"Drowsiness, Dry mouth",Cyclobenzaprine,Cyclobenzaprine helps ease my muscle spasms. Drowsiness can be a downside.
Myositis,"Muscle weakness, Fatigue, Joint pain",Corticosteroids,High,"Weight gain, Mood swings",Various,Corticosteroids effectively manage my myositis symptoms. Some side effects but necessary for improvement.
Muscular Dystrophy,"Progressive muscle weakness, Difficulty walking",Physical Therapy,N/A,N/A,N/A,Physical therapy plays a crucial role in managing my muscular dystrophy. Ongoing effort for better mobility.
Myasthenia Gravis,"Muscle weakness, Fatigue, Difficulty swallowing",Pyridostigmine,Moderate,"Abdominal cramps, Increased saliva",Pyridostigmine,Pyridostigmine helps manage my myasthenia gravis. Some discomfort but improves muscle function.
Fibromyalgia,"Widespread muscle pain, Fatigue, Sleep disturbances",Duloxetine,Moderate,"Nausea, Insomnia",Duloxetine,Duloxetine aids in managing my fibromyalgia symptoms. Watch for potential side effects.
Compartment Syndrome,"Swelling, Severe pain, Numbness",Surgery,N/A,N/A,N/A,Surgery is often necessary to treat compartment syndrome. Effective in relieving pressure on muscles.
Muscle Atrophy,"Muscle wasting, Weakness, Loss of muscle mass",Physical Therapy,N/A,N/A,N/A,Physical therapy is crucial in managing muscle atrophy. Regular exercises help maintain muscle strength.
Rhabdomyolysis,"Muscle pain, Dark urine, Fatigue",IV Fluids,High,"Low blood pressure, Kidney damage",Various,IV fluids are crucial in treating rhabdomyolysis. Monitoring for kidney damage is essential.
Amyotrophic Lateral Sclerosis (ALS),"Muscle weakness, Difficulty speaking, Difficulty swallowing",Riluzole,Moderate,"Nausea, Liver function issues",Riluzole,Riluzole aids in managing symptoms of ALS. Some discomfort but improves quality of life.
Muscle Knots (Myofascial Trigger Points),"Localized pain, Tenderness, Restricted movement",Massage Therapy,N/A,N/A,N/A,Massage therapy is effective in relieving muscle knots. Provides relief and improved flexibility.
Herniated Disc,"Back pain, Leg pain, Numbness",Physical Therapy,N/A,N/A,N/A,Physical therapy is crucial in managing herniated disc pain. Exercises help strengthen supporting muscles.
Charcot-Marie-Tooth Disease,"Muscle weakness, Foot deformities, Difficulty walking",Orthopedic Devices,N/A,N/A,N/A,Orthopedic devices help manage the effects of Charcot-Marie-Tooth Disease. Assistive devices for better mobility.
Polymyositis,"Muscle weakness, Fatigue, Joint pain",Corticosteroids,High,"Weight gain, Mood swings",Various,Corticosteroids effectively manage my polymyositis symptoms. Some side effects but necessary for improvement.
Muscle Contusion,"Bruising, Swelling, Pain",Rest,Ice,Compression,Elevation (RICE),N/A
Muscle Cramps,"Sudden, involuntary contractions, Pain",Hydration,Electrolyte supplements,Moderate,"Upset stomach, Diarrhea",Various Hydration and electrolyte supplements help prevent muscle cramps. Some gastrointestinal discomfort but beneficial.
Alzheimer's Disease,"Memory loss, Cognitive decline, Confusion",Donepezil,High,"Nausea, Insomnia",Donepezil,"Donepezil has been effective in managing my Alzheimer's symptoms. Some initial discomfort, but improvements noticed."
Parkinson's Disease,"Tremors, Bradykinesia, Muscle rigidity",Levodopa,Carbidopa,High,"Nausea, Hallucinations",Levodopa Carbidopa Levodopa and Carbidopa combination effectively controls my Parkinson's symptoms. Side effects are manageable.
Multiple Sclerosis,"Fatigue, Weakness, Numbness",Interferon beta-1a,Moderate,"Flu-like symptoms, Injection site reactions",Interferon beta-1a,Interferon beta-1a helps in managing my multiple sclerosis. Flu-like symptoms can be challenging.
Epilepsy,"Seizures, Convulsions",Lamotrigine,Moderate,"Dizziness, Blurred vision",Lamotrigine,"Lamotrigine helps control my epilepsy seizures. Some dizziness, but overall satisfied with the medication."
Migraine,"Intense headache, Nausea, Sensitivity to light",Sumatriptan,High,"Chest pain, Tingling sensations",Sumatriptan,Sumatriptan provides quick relief during my migraines. Chest pain is a rare side effect for me.
Amyotrophic Lateral Sclerosis (ALS),"Muscle weakness, Difficulty speaking, Difficulty swallowing",Riluzole,Moderate,"Nausea, Liver function issues",Riluzole,Riluzole aids in managing symptoms of ALS. Some discomfort but improves quality of life.
Huntington's Disease,"Chorea (involuntary movements), Cognitive decline",Tetrabenazine,High,"Depression, Drowsiness",Tetrabenazine,"Tetrabenazine effectively helps control my Huntington's chorea. Some mood changes, but overall satisfied."
Stroke,"Sudden numbness, Trouble speaking, Severe headache",Aspirin,High,"Gastrointestinal bleeding, Allergic reactions",Aspirin,"Aspirin is crucial for preventing stroke recurrence. Watch for potential side effects, but it's a lifesaver."
Peripheral Neuropathy,"Numbness, Tingling, Pain in extremities",Gabapentin,Moderate,"Drowsiness, Weight gain",Gabapentin,"Gabapentin helps manage my peripheral neuropathy symptoms. Some drowsiness, but the pain relief is worth it."
Restless Legs Syndrome,"Uncomfortable sensations in legs, Urge to move legs",Pramipexole,High,"Nausea, Daytime sleepiness",Pramipexole,"Pramipexole effectively alleviates my restless legs symptoms. Some nausea, but it's manageable."
Cerebral Palsy,"Poor coordination, Muscle stiffness, Speech difficulties",Baclofen,Moderate,"Drowsiness, Weakness",Baclofen,"Baclofen helps in managing muscle stiffness due to cerebral palsy. Some drowsiness, but overall satisfied."
Neuromyelitis Optica,"Optic neuritis, Transverse myelitis",Rituximab,High,"Infusion reactions, Risk of infections",Rituximab,Rituximab has been effective in managing my neuromyelitis optica. Infusion reactions are monitored.
Traumatic Brain Injury,"Headache, Memory problems, Cognitive impairment",Amantadine,Moderate,"Insomnia, Dizziness",Amantadine,"Amantadine aids in cognitive improvement after traumatic brain injury. Some dizziness, but improvements noticed."
Guillain-Barré Syndrome,"Muscle weakness, Tingling sensations, Paralysis",Intravenous Immunoglobulin (IVIG),High,"Headache, Fever",IVIG,"IVIG has been crucial in treating my Guillain-Barré Syndrome. Some side effects, but it aids in recovery."
Neuralgia,"Sharp, stabbing pain along nerves",Carbamazepine,High,"Dizziness, Drowsiness",Carbamazepine,"Carbamazepine effectively manages my neuralgia pain. Some dizziness, but the pain relief is worth it."
Trigeminal Neuralgia,"Severe facial pain, Electric shock-like sensations",Oxcarbazepine,High,"Drowsiness, Double vision",Oxcarbazepine,"Oxcarbazepine helps control my trigeminal neuralgia pain. Some drowsiness, but overall satisfied."
Central Pain Syndrome,"Chronic pain, Tingling sensations, Sensitivity to touch",Pregabalin,High,"Dizziness, Weight gain",Pregabalin,"Pregabalin has been effective in managing my central pain syndrome. Some dizziness, but the pain relief is worth it."
Dystonia,"Involuntary muscle contractions, Twisting movements",Botulinum Toxin Injections,High,"Muscle weakness, Neck pain",Botulinum Toxin,"Botulinum Toxin injections effectively alleviate my dystonia symptoms. Some muscle weakness, but it improves with time."
Narcolepsy,"Excessive daytime sleepiness, Cataplexy",Modafinil,High,"Insomnia, Nervousness",Modafinil,"Modafinil helps manage my narcolepsy symptoms. Some difficulty sleeping, but overall satisfied."
Sleep Apnea,"Loud snoring, Pauses in breathing during sleep",Continuous Positive Airway Pressure (CPAP),High,"Mask discomfort, Skin irritation",N/A,CPAP therapy effectively treats my sleep apnea. Mask discomfort is manageable for improved sleep quality.
Creutzfeldt-Jakob Disease,"Rapidly progressive dementia, Muscle stiffness",Supportive care,N/A,N/A,N/A,Supportive care is the primary approach for Creutzfeldt-Jakob Disease. Focus on comfort and quality of life.
Neurofibromatosis,"Tumors on nerves, Café-au-lait spots",Surgery,N/A,N/A,N/A,Surgery is often necessary to address neurofibromatosis tumors. Tailored treatment plans based on the extent of the condition.
Bell's Palsy,"Facial paralysis, Drooping of the mouth",Corticosteroids,High,"Insomnia, Increased appetite",Various,"Corticosteroids help in managing Bell's Palsy symptoms. Some side effects, but improvements noticed."
CNS Vasculitis,"Headache, Confusion, Seizures",Cyclophosphamide,High,"Nausea, Hair loss",Cyclophosphamide,"Cyclophosphamide is crucial in treating CNS vasculitis. Some side effects, but it aids in recovery from inflammation."
Prion Diseases,"Rapid neurological deterioration, Memory loss",No specific treatment,N/A,N/A,N/A,No specific treatment is available for prion diseases. Focus on supportive care and symptom management.
Essential Tremor,"Involuntary shaking, Tremors",Propranolol,Moderate,"Fatigue, Dizziness",Propranolol,"Propranolol helps in controlling essential tremor. Some fatigue, but it's a manageable side effect."
Spinocerebellar Ataxia,"Incoordination, Unsteady gait",Physical Therapy,N/A,N/A,N/A,Physical therapy plays a crucial role in managing spinocerebellar ataxia symptoms. Exercises for coordination improvement.
Autoimmune Encephalitis,"Cognitive decline, Seizures, Psychiatric symptoms",Intravenous Immunoglobulin (IVIG),Moderate,"Headache, Fever",IVIG,"IVIG is crucial in managing autoimmune encephalitis. Some side effects, but it aids in recovery from inflammation."
Vascular Dementia,"Memory loss, Cognitive decline, Difficulty concentrating",Donepezil,High,"Nausea, Insomnia",Donepezil,"Donepezil has been effective in managing my vascular dementia symptoms. Some initial discomfort, but improvements noticed."
Tourette Syndrome,"Involuntary tics, Repetitive movements",Haloperidol,Moderate,"Weight gain, Sedation",Haloperidol,"Haloperidol helps in managing tics associated with Tourette syndrome. Some sedation, but overall satisfied."
Neurocysticercosis,"Seizures, Headache, Cognitive impairment",Albendazole,Praziquantel,High,"Nausea, Abdominal pain",Albendazole Praziquantel Albendazole and Praziquantel combination effectively treats my neurocysticercosis. Some discomfort but worth it for the relief.
CADASIL,"Migraines, Stroke-like symptoms, Cognitive decline",Antiplatelet agents,High,"Bleeding risk, Upset stomach",Various,"Antiplatelet agents are crucial in managing CADASIL symptoms. Some stomach discomfort, but it's manageable."
CIDP,"Weakness, Numbness, Tingling in extremities",Intravenous Immunoglobulin (IVIG),Moderate,"Headache, Fatigue",IVIG,"IVIG helps manage my CIDP symptoms. Some side effects, but it aids in recovery from demyelination."
Wilson's Disease,"Liver problems, Neurological symptoms",Penicillamine,Moderate,"Rash, Fever",Penicillamine,"Penicillamine is effective in managing Wilson's disease. Some side effects, but necessary for copper chelation."
Restless Genital Syndrome,"Persistent genital arousal, Discomfort",Gabapentin,Moderate,"Drowsiness, Weight gain",Gabapentin,"Gabapentin helps manage restless genital syndrome symptoms. Some drowsiness, but the relief is worth it."
Progressive Supranuclear Palsy (PSP),"Balance problems, Gaze abnormalities, Personality changes",Levodopa,High,"Nausea, Hallucinations",Levodopa,Levodopa aids in managing symptoms of Progressive Supranuclear Palsy. Side effects are manageable.
Paraneoplastic Syndromes,Neurological symptoms associated with cancer,Immunotherapy,Moderate,"Flu-like symptoms, Fatigue",Various,"Immunotherapy is crucial in managing paraneoplastic syndromes. Some side effects, but it aids in targeting cancer-associated symptoms."
Trigeminal Autonomic Cephalalgias (TACs),"Severe headaches, Autonomic symptoms",Verapamil,High,"Constipation, Lowered blood pressure",Verapamil,"Verapamil effectively manages my trigeminal autonomic cephalalgias. Some side effects, but it's a relief from intense headaches."
Lewy Body Dementia,"Visual hallucinations, Fluctuating cognitive abilities",Rivastigmine,Moderate,"Nausea, Insomnia",Rivastigmine,"Rivastigmine has been effective in managing Lewy Body Dementia symptoms. Some initial discomfort, but improvements noticed."
Major Depressive Disorder,"Persistent sadness, Loss of interest, Fatigue",Sertraline,High,"Weight gain, Drowsiness",Sertraline,"Sertraline has been effective in managing my major depressive disorder. Some drowsiness, but it improves my mood."
Generalized Anxiety Disorder,"Excessive worrying, Restlessness",Escitalopram,Moderate,"Insomnia, Nausea",Escitalopram,"Escitalopram helps alleviate my generalized anxiety. Some initial discomfort, but improvements noticed."
Bipolar Disorder,"Mood swings, Energy fluctuations",Lithium,High,"Hand tremors, Increased thirst",Lithium,"Lithium effectively stabilizes my mood in bipolar disorder. Some side effects, but it's crucial for mood management."
Schizophrenia,"Hallucinations, Delusions, Disorganized thinking",Risperidone,Moderate,"Weight gain, Dizziness",Risperidone,"Risperidone helps manage my schizophrenia symptoms. Some dizziness, but overall satisfied."
Obsessive-Compulsive Disorder (OCD),"Intrusive thoughts, Compulsive behaviors",Fluoxetine,Moderate,"Insomnia, Nausea",Fluoxetine,"Fluoxetine aids in managing my OCD symptoms. Some initial discomfort, but improvements noticed."
Post-Traumatic Stress Disorder (PTSD),"Flashbacks, Nightmares, Hypervigilance",Venlafaxine,Moderate,"Increased blood pressure, Sweating",Venlafaxine,"Venlafaxine has been effective in managing my PTSD symptoms. Some side effects, but it's worth the relief."
Attention-Deficit/Hyperactivity Disorder (ADHD),"Inattention, Hyperactivity, Impulsivity",Methylphenidate,High,"Insomnia, Loss of appetite",Methylphenidate,"Methylphenidate helps manage my ADHD symptoms. Some loss of appetite, but it improves focus and attention."
Eating Disorders,"Disordered eating patterns, Body image concerns",Psychotherapy,N/A,N/A,N/A,Psychotherapy is crucial in treating eating disorders. Tailored approaches based on individual needs.
Panic Disorder,"Sudden, intense fear, Shortness of breath",Clonazepam,High,"Drowsiness, Memory issues",Clonazepam,"Clonazepam provides quick relief during panic attacks. Some memory issues, but it's crucial in managing panic disorder."
Social Anxiety Disorder,"Fear of social situations, Avoidance behaviors",Paroxetine,Moderate,"Weight gain, Fatigue",Paroxetine,"Paroxetine helps manage my social anxiety. Some fatigue, but overall satisfied with the medication."
Borderline Personality Disorder,"Impulsivity, Unstable relationships, Emotional instability",Dialectical Behavior Therapy (DBT),N/A,N/A,N/A,DBT is a crucial part of managing borderline personality disorder. Focus on skills for emotion regulation and interpersonal effectiveness.
Insomnia Disorder,"Difficulty falling asleep, Frequent waking during the night",Zolpidem,High,"Drowsiness, Dizziness",Zolpidem,"Zolpidem has been effective in managing my insomnia. Some drowsiness, but it improves my sleep quality."
Seasonal Affective Disorder (SAD),Depression during specific seasons,Light Therapy,N/A,N/A,N/A,Light therapy is effective in managing seasonal affective disorder. Exposure to bright light improves mood during the affected seasons.
Hoarding Disorder,"Excessive accumulation of possessions, Difficulty discarding items",Selective Serotonin Reuptake Inhibitors (SSRIs),Moderate,"Nausea, Insomnia",Various,"SSRIs are helpful in managing symptoms of hoarding disorder. Some side effects, but it aids in treatment."
Autism Spectrum Disorder,"Social difficulties, Repetitive behaviors",Applied Behavior Analysis (ABA),N/A,N/A,N/A,ABA therapy is crucial in managing autism spectrum disorder. Tailored interventions based on individual needs.
Body Dysmorphic Disorder,Obsession with perceived flaws in physical appearance,Clomipramine,Moderate,"Dry mouth, Constipation",Clomipramine,"Clomipramine aids in managing my body dysmorphic disorder. Some side effects, but it's crucial for symptom control."
Antisocial Personality Disorder,"Disregard for others' rights, Lack of empathy",Psychotherapy,N/A,N/A,N/A,Psychotherapy is crucial in managing antisocial personality disorder. Focus on developing empathy and behavioral changes.
Cyclothymic Disorder,"Mood swings, Mild depressive and hypomanic episodes",Lamotrigine,Moderate,"Dizziness, Blurred vision",Lamotrigine,"Lamotrigine helps in stabilizing mood in cyclothymic disorder. Some dizziness, but overall satisfied with the medication."
Selective Mutism,Consistent inability to speak in certain situations,Behavioral Therapy,N/A,N/A,N/A,Behavioral therapy is crucial in managing selective mutism. Focus on building communication skills in a supportive environment.
Trichotillomania,"Hair-pulling, Compulsive behavior",N-Acetylcysteine,Moderate,"Nausea, Upset stomach",N-Acetylcysteine,"N-Acetylcysteine has been effective in managing my trichotillomania. Some gastrointestinal discomfort, but improvements noticed."
Down Syndrome,"Intellectual disability, characteristic facial features, developmental delays",Supportive care,N/A,N/A,N/A,Supportive care focuses on managing symptoms associated with Down Syndrome.
Cystic Fibrosis,"Respiratory problems, Digestive issues, Salty skin",Ivacaftor,High,"Nausea, Headache",Ivacaftor,"Ivacaftor has been effective in managing cystic fibrosis symptoms. Some side effects, but it improves quality of life."
Huntington's Disease,"Involuntary movements, Cognitive decline, Mood changes",Tetrabenazine,Moderate,"Depression, Insomnia",Tetrabenazine,"Tetrabenazine helps in managing Huntington's disease symptoms. Some mood changes, but overall satisfied."
Sickle Cell Anemia,"Anemia, Fatigue, Painful crises",Hydroxyurea,High,"Nausea, Diarrhea",Hydroxyurea,"Hydroxyurea effectively reduces the frequency of painful crises in sickle cell anemia. Some gastrointestinal discomfort, but it's worth the relief."
Duchenne Muscular Dystrophy,"Muscle weakness, Progressive difficulty in walking",Prednisone,Moderate,"Weight gain, Mood swings",Prednisone,"Prednisone aids in managing Duchenne muscular dystrophy symptoms. Some side effects, but it improves muscle function."
Hemophilia,"Bleeding, Joint pain, Easy bruising",Factor VIII Replacement,High,"Allergic reactions, Inhibitor development",Factor VIII,Factor VIII replacement is crucial in managing hemophilia. Monitoring for inhibitor development is essential.
Turner Syndrome,"Short stature, Delayed puberty, Heart defects",Growth Hormone,High,"Headache, Swelling",Somatropin,"Growth hormone helps in addressing short stature in Turner syndrome. Some side effects, but it improves overall growth."
Klinefelter Syndrome,"Infertility, Reduced facial and body hair, Breast development",Testosterone Replacement,High,"Acne, Increased red blood cell count",Testosterone,"Testosterone replacement is effective in managing symptoms of Klinefelter syndrome. Some acne, but overall satisfied."
Fragile X Syndrome,"Intellectual disability, Behavioral challenges, Hyperactivity",Stimulant Medications,Moderate,"Insomnia, Loss of appetite",Various,"Stimulant medications help in managing hyperactivity in Fragile X syndrome. Some appetite changes, but it aids in behavior control."
Phenylketonuria (PKU),"Intellectual disability, Behavioral problems, Seizures",Low-Phenylalanine Diet,N/A,N/A,N/A,A low-phenylalanine diet is crucial in managing PKU. Dietary restrictions are essential for symptom control.
Tay-Sachs Disease,"Loss of motor skills, Intellectual disability, Cherry-red spot on the eyes",Supportive care,N/A,N/A,N/A,Supportive care focuses on managing symptoms associated with Tay-Sachs Disease.
Celiac Disease,"Digestive problems, Fatigue, Weight loss",Gluten-Free Diet,N/A,N/A,N/A,A gluten-free diet is crucial in managing celiac disease. Dietary restrictions are essential for symptom control.
Marfan Syndrome,"Tall stature, Long limbs, Heart problems",Beta-Blockers,High,"Dizziness, Fatigue",Various,"Beta-blockers help in managing heart problems associated with Marfan syndrome. Some side effects, but it aids in cardiovascular health."
Williams Syndrome,"Cardiovascular issues, Unique facial features, Learning difficulties",Calcium Channel Blockers,High,"Upset stomach, Drowsiness",Various,"Calcium channel blockers help manage cardiovascular issues in Williams syndrome. Some drowsiness, but overall satisfied."
Neurofibromatosis,"Tumors on nerves, Café-au-lait spots",Surgery,N/A,N/A,N/A,Surgery is often necessary to address neurofibromatosis tumors. Tailored treatment plans based on the extent of the condition.
Muscular Dystrophy,"Progressive muscle weakness, Difficulty walking",Physical Therapy,N/A,N/A,N/A,Physical therapy plays a crucial role in managing muscular dystrophy. Exercises for muscle strength and flexibility.
Prader-Willi Syndrome,"Feeding difficulties, Obesity, Intellectual disability",Growth Hormone,High,"Headache, Swelling",Somatropin,"Growth hormone helps in addressing growth and weight issues in Prader-Willi syndrome. Some side effects, but overall satisfied."
Angelman Syndrome,"Developmental delays, Seizures, Happy demeanor",Antiepileptic Medications,Moderate,"Drowsiness, Tremors",Various,"Antiepileptic medications help in managing seizures associated with Angelman syndrome. Some side effects, but overall improvements noticed."
Hereditary Hemochromatosis,"Excessive iron absorption, Joint pain, Fatigue",Therapeutic Phlebotomy,High,"Low blood pressure, Dizziness",N/A,"Therapeutic phlebotomy is crucial in managing iron overload in hereditary hemochromatosis. Some side effects, but it aids in reducing iron levels."
Polycystic Kidney Disease,"Kidney cysts, High blood pressure, Abdominal pain",Angiotensin-Converting Enzyme (ACE) Inhibitors,Moderate,"Cough, Elevated potassium levels",Various,"ACE inhibitors help in managing blood pressure and kidney function in polycystic kidney disease. Some side effects, but overall improvements noticed."
Tuberous Sclerosis Complex,"Seizures, Intellectual disability, Skin lesions",,,,,
Achondroplasia,"Short stature, Short limbs, Large head",Growth Hormone,High,"Headache, Swelling",Somatropin,"Growth hormone effectively addresses short stature in achondroplasia. Some side effects, but it improves overall growth."
Bruton Agammaglobulinemia,"Recurrent infections, Low levels of immunoglobulins",Immunoglobulin Replacement,High,"Fever, Chills",Immunoglobulin,"Immunoglobulin replacement is crucial in managing agammaglobulinemia. Some side effects, but it helps prevent infections."
Hemochromatosis,"Excessive iron absorption, Joint pain, Fatigue",Phlebotomy,High,"Dizziness, Anemia",N/A,"Phlebotomy effectively reduces iron levels in hemochromatosis. Some side effects, but it aids in preventing complications."
Lynch Syndrome,Increased risk of colorectal and other cancers,Surveillance and Surgery,N/A,N/A,N/A,Regular surveillance and preventive surgeries are crucial in managing cancer risk in Lynch syndrome.
Myotonic Dystrophy,"Muscle weakness, Myotonia, Intellectual impairment",Mexiletine,Moderate,"Nausea, Dizziness",Mexiletine,"Mexiletine helps manage myotonia in myotonic dystrophy. Some side effects, but it improves muscle function."
Osteogenesis Imperfecta,"Brittle bones, Bone deformities, Hearing loss",Bisphosphonates,High,"Gastrointestinal upset, Bone pain",Various,"Bisphosphonates aid in strengthening bones in osteogenesis imperfecta. Some discomfort, but it reduces fracture risk."
Pancreatitis,"Abdominal pain, Nausea, Vomiting",Pancreatic Enzyme Replacement,High,"Diarrhea, Abdominal cramps",Various,"Pancreatic enzyme replacement is crucial in managing pancreatic insufficiency in pancreatitis. Some digestive discomfort, but it aids in nutrient absorption."
Turner Syndrome,"Short stature, Delayed puberty, Heart defects",Estrogen Replacement,High,"Headache, Breast tenderness",Various,"Estrogen replacement helps in addressing delayed puberty in Turner syndrome. Some side effects, but it aids in development."
Xeroderma Pigmentosum,"Extreme sensitivity to UV rays, Skin cancers",Sun Protection Measures,N/A,N/A,N/A,"Strict sun protection measures are essential in managing xeroderma pigmentosum. Sunscreen, clothing, and sunglasses are crucial."
Familial Adenomatous Polyposis,"Colon polyps, Increased risk of colorectal cancer",Colectomy and Surveillance,N/A,N/A,N/A,Colectomy and regular surveillance are crucial in managing the risk of colorectal cancer in familial adenomatous polyposis.
Achondrogenesis,"Severe short stature, Limb abnormalities",Supportive care,N/A,N/A,N/A,Supportive care focuses on managing symptoms associated with achondrogenesis. Regular monitoring for complications is essential.
Craniosynostosis,"Premature fusion of skull bones, Abnormal head shape",Surgery,N/A,N/A,N/A,Surgery is often necessary to correct skull bone fusion in craniosynostosis. Individualized treatment plans based on the extent of the condition.
Gaucher Disease,"Enlarged liver and spleen, Bone pain, Anemia",Enzyme Replacement Therapy,High,"Infusion reactions, Fatigue",Various,"Enzyme replacement therapy effectively manages Gaucher disease symptoms. Some side effects, but it improves quality of life."
Fragile X-Associated Tremor/Ataxia Syndrome (FXTAS),"Tremors, Ataxia, Cognitive decline",Physical Therapy,Moderate,"Fatigue, Muscle soreness",Various,Physical therapy plays a crucial role in managing FXTAS symptoms. Exercises for coordination and strength.
Hereditary Angioedema,"Swelling attacks, Abdominal pain",C1 Esterase Inhibitor Replacement,High,"Headache, Nausea",Various,"C1 esterase inhibitor replacement is crucial during hereditary angioedema attacks. Some side effects, but it reduces swelling."
Huntington's Disease-Like 2 (HDL2),"Movement abnormalities, Cognitive decline",Supportive care,N/A,N/A,N/A,Supportive care focuses on managing symptoms associated with Huntington's Disease-Like 2. Regular monitoring for complications is essential.
Jarcho-Levin Syndrome,"Rib and spine abnormalities, Short stature",Surgery,N/A,N/A,N/A,Surgery is often necessary to address rib and spine abnormalities in Jarcho-Levin Syndrome. Individualized treatment plans based on the extent of the condition.
Limb-Girdle Muscular Dystrophy,Muscle weakness in shoulder and hip areas,Physical Therapy,Moderate,"Fatigue, Joint pain",Various,Physical therapy plays a crucial role in managing limb-girdle muscular dystrophy. Exercises for muscle strength and flexibility.
Mucopolysaccharidosis (MPS),"Skeletal abnormalities, Enlarged organs, Intellectual disability",Enzyme Replacement Therapy,High,"Infusion reactions, Headache",Various,"Enzyme replacement therapy effectively manages MPS symptoms. Some side effects, but it improves quality of life."
Polycystic Liver Disease,"Liver cysts, Abdominal pain",Symptomatic Treatment,N/A,N/A,N/A,Symptomatic treatment focuses on managing abdominal pain associated with polycystic liver disease. Regular monitoring for complications is essential.
Pompe Disease,"Muscle weakness, Respiratory difficulties",Enzyme Replacement Therapy,High,"Infusion reactions, Fatigue",Various,"Enzyme replacement therapy effectively manages Pompe disease symptoms. Some side effects, but it improves quality of life."
Spondyloepiphyseal Dysplasia,"Short stature, Joint pain, Lumbar lordosis",Symptomatic Treatment,N/A,N/A,N/A,Symptomatic treatment focuses on managing symptoms associated with spondyloepiphyseal dysplasia. Regular monitoring for complications is essential.
Treacher Collins Syndrome,"Facial abnormalities, Hearing loss",Surgery,N/A,N/A,N/A,Surgery is often necessary to address facial abnormalities in Treacher Collins Syndrome. Individualized treatment plans based on the extent of the condition.
Usher Syndrome,"Hearing loss, Vision loss",Hearing Aids and Assistive Devices,N/A,N/A,N/A,Hearing aids and assistive devices are crucial in managing hearing loss associated with Usher syndrome. Regular monitoring for vision loss is essential.
von Hippel-Lindau (VHL) Disease,"Tumors in various organs, Cysts",Surgery,N/A,N/A,N/A,Surgery is often necessary to address tumors and cysts in von Hippel-Lindau disease. Individualized treatment plans based on the extent of the condition.
Waardenburg Syndrome,"Hearing loss, Pigmentary changes in hair, Skin, and eyes",Symptomatic Treatment,N/A,N/A,N/A,Symptomatic treatment focuses on managing symptoms associated with Waardenburg syndrome. Regular monitoring for complications is essential.
Malaria,"Fever, Chills, Headache",Artemisinin-based Combination Therapies (ACTs),High,"Nausea, Vomiting",Artemisinin,"ACTs are highly effective in treating malaria. Some gastrointestinal discomfort, but the treatment is crucial in eliminating the infection."
Dengue Fever,"Fever, Severe headache, Joint and muscle pain",Supportive care,Moderate,Pain relievers for symptoms relief,N/A,"Supportive care helps manage dengue symptoms. Pain relievers provide relief, but complete recovery may take time."
Chagas Disease,"Swelling at the infection site, Fever, Fatigue",Benznidazole,High,"Nausea, Allergic reactions",Benznidazole,"Benznidazole effectively treats Chagas disease. Some side effects, but it's crucial for eliminating the parasite."
Leishmaniasis,"Skin sores, Fever, Enlarged spleen and liver",Miltefosine,High,"Nausea, Diarrhea",Miltefosine,"Miltefosine is effective in treating leishmaniasis. Some gastrointestinal discomfort, but it aids in recovery."
Schistosomiasis,"Abdominal pain, Diarrhea, Blood in urine",Praziquantel,High,"Headache, Dizziness",Praziquantel,"Praziquantel effectively treats schistosomiasis. Some mild side effects, but it's crucial for eliminating the parasite."
Lymphatic Filariasis,"Swelling in limbs, Fever, Lymphedema",Ivermectin and Albendazole,Moderate,"Dizziness, Fatigue","Ivermectin, Albendazole","Ivermectin and Albendazole combination helps manage lymphatic filariasis. Some side effects, but it aids in symptom relief."
Onchocerciasis (River Blindness),"Itchy skin, Visual impairment",Ivermectin,High,"Dizziness, Fatigue",Ivermectin,"Ivermectin effectively treats onchocerciasis. Some side effects, but it's crucial for preventing blindness."
Trachoma,"Eye discharge, Itching, Blurred vision",Azithromycin,High,"Nausea, Diarrhea",Azithromycin,"Azithromycin is effective in treating trachoma. Some gastrointestinal discomfort, but it aids in eliminating the bacteria."
Buruli Ulcer,"Skin ulcers, Swelling, Nodules",Rifampicin and Clarithromycin,High,"Nausea, Joint pain","Rifampicin, Clarithromycin","Rifampicin and Clarithromycin combination effectively treats Buruli ulcer. Some side effects, but it aids in healing."
Yaws,"Skin sores, Joint pain, Swelling",Single-dose Azithromycin,High,"Nausea, Diarrhea",Azithromycin,"Single-dose Azithromycin is effective in treating yaws. Some gastrointestinal discomfort, but it aids in eliminating the bacteria."
African Trypanosomiasis (Sleeping Sickness),"Fever, Headache, Joint pain",Suramin and Eflornithine,High,"Nausea, Anemia","Suramin, Eflornithine","Suramin and Eflornithine combination effectively treats sleeping sickness. Some side effects, but it's crucial for eliminating the parasite."
Iron Deficiency Anemia,"Fatigue, Pale skin, Weakness","Iron, Vitamin C for better iron absorption",High,"Constipation, Nausea","Iron, Vitamin C",Iron supplements have significantly improved my energy levels. Ensure a balanced diet for long-term prevention.
Vitamin D Deficiency,"Bone pain, Muscle weakness, Fatigue","Vitamin D, Calcium",Moderate,"Nausea, Weakness","Vitamin D, Calcium",Vitamin D supplements have been effective in alleviating my symptoms. Don't forget sunlight exposure for natural synthesis.
Beriberi,"Fatigue, Weakness, Swelling",Thiamine (Vitamin B1),High,"Allergic reactions, Itching",Thiamine (Vitamin B1),Thiamine supplements have helped restore my energy. Be mindful of alcohol intake for prevention.
Scurvy,"Fatigue, Joint pain, Bleeding gums",Vitamin C,High,"Diarrhea, Nausea",Vitamin C,Increased intake of fruits rich in vitamin C has improved my symptoms. A diverse diet is key to prevention.
Rickets,"Soft bones, Delayed growth, Muscle weakness","Vitamin D, Calcium, Phosphorus",High,"Constipation, Nausea","Vitamin D, Calcium, Phosphorus",Vitamin D and calcium supplements have strengthened my bones. Sun exposure and a balanced diet are crucial for prevention.
Kwashiorkor,"Edema (swelling), Malnutrition, Skin changes","Protein, Essential amino acids",Moderate,"Digestive upset, Allergic reactions","Protein, Essential amino acids",Protein-rich diet and nutritional rehabilitation have helped in my recovery. Ensure adequate protein in daily meals for prevention.
Night Blindness,"Difficulty seeing in low light, Blindness at night",Vitamin A,High,"Headache, Nausea",Vitamin A,Vitamin A supplements have improved my night vision. Eating a variety of colorful vegetables supports long-term prevention.
Pellagra,"Skin rash, Diarrhea, Cognitive impairment","Niacin (Vitamin B3), Tryptophan",Moderate,"Liver toxicity, Nausea","Niacin (Vitamin B3), Tryptophan",Niacin supplements have relieved my symptoms. A diverse diet ensures sufficient niacin intake for prevention.
Osteomalacia,"Bone pain, Muscle weakness, Deformities","Vitamin D, Calcium, Phosphorus",High,"Constipation, Nausea","Vitamin D, Calcium, Phosphorus",Vitamin D and calcium supplements have strengthened my bones. Adequate sunlight and a balanced diet are essential for prevention.
Goiter,"Swelling in the neck, Difficulty swallowing or breathing",Iodine,Moderate,"Thyroid dysfunction, Allergic reactions",Iodine,Iodine supplements have reduced the swelling. Use iodized salt and include iodine-rich foods for prevention.
Cholera,"Watery diarrhea, Vomiting, Dehydration",Oral rehydration solution (ORS),High,None,Electrolytes,ORS has been a lifesaver during cholera. Rapidly resolves dehydration without significant side effects.
Giardiasis,"Diarrhea, Abdominal cramps, Nausea",Metronidazole,High,"Metallic taste, Nausea",Metronidazole,"Metronidazole effectively clears Giardia infections. Some minor side effects, but overall a reliable treatment."
Cryptosporidiosis,"Watery diarrhea, Stomach cramps, Fever",Nitazoxanide,Moderate,"Headache, Abdominal pain",Nitazoxanide,"Nitazoxanide helps in treating cryptosporidiosis. Some side effects, but generally well-tolerated."
Legionnaires' Disease,"Cough, Shortness of breath, Chest pain",Azithromycin,High,"Nausea, Upset stomach",Azithromycin,"Azithromycin is effective in treating Legionnaires' disease. Some gastrointestinal discomfort, but it aids in recovery."
Leptospirosis,"Fever, Muscle aches, Jaundice",Doxycycline,High,"Nausea, Photosensitivity",Doxycycline,"Doxycycline is effective against leptospirosis. Some side effects, but it's crucial for eliminating the bacteria."
Norovirus Infection,"Nausea, Vomiting, Diarrhea",Supportive care,Moderate,None,N/A,"Supportive care helps manage norovirus symptoms. No specific medicine, focus on rehydration and rest."
Amoebiasis,"Abdominal pain, Diarrhea, Bloody stools",Metronidazole,High,"Metallic taste, Nausea",Metronidazole,"Metronidazole effectively treats amoebiasis. Some minor side effects, but it's crucial for eliminating the parasite."
Typhoid Fever,"Fever, Headache, Rose-colored spots,fatigue,Vomiting",Ciprofloxacin,High,"Nausea, Diarrhea",Ciprofloxacin,"Ciprofloxacin is effective against typhoid fever. Some gastrointestinal discomfort, but it aids in recovery."
Campylobacteriosis,"Diarrhea, Abdominal cramps, Fever",Azithromycin,High,"Nausea, Upset stomach",Azithromycin,"Azithromycin is effective in treating campylobacteriosis. Some gastrointestinal discomfort, but it aids in recovery."
Hepatitis A,"Fatigue, Jaundice, Abdominal pain",Hepatitis A vaccine,Very High,None,N/A,"Hepatitis A vaccine is highly effective in preventing infection. No significant side effects, a crucial preventive measure."
Rotavirus Infection,"Severe diarrhea, Vomiting, Dehydration",Rotavirus vaccine,Very High,None,N/A,"Rotavirus vaccine is highly effective in preventing severe gastroenteritis caused by Rotavirus. No notable side effects, a crucial immunization for infants."
Shigellosis,"Diarrhea, Fever, Abdominal cramps",Ciprofloxacin,High,"Nausea, Headache",Ciprofloxacin,"Ciprofloxacin is effective against Shigella infections. Some side effects, but it aids in recovery."
Cyclosporiasis,"Watery diarrhea, Fatigue, Weight loss",Trimethoprim-sulfamethoxazole,High,"Nausea, Vomiting","Trimethoprim, Sulfamethoxazole","Trimethoprim-sulfamethoxazole effectively treats cyclosporiasis. Some side effects, but it's crucial for eliminating the parasite."
Hantavirus Pulmonary Syndrome,"Fever, Muscle aches, Shortness of breath",Supportive care,Moderate,None,N/A,"Supportive care is crucial for managing Hantavirus Pulmonary Syndrome. No specific medicine, focus on symptomatic relief."
Waterborne Typhus (Murine Typhus),"Fever, Rash, Headache",Doxycycline,High,"Nausea, Photosensitivity",Doxycycline,"Doxycycline is effective against waterborne typhus. Some side effects, but it's crucial for eliminating the bacteria."
Amebic Meningoencephalitis,"Headache, Fever, Stiff neck",Amphotericin B,High,"Chills, Fever",Amphotericin B,"Amphotericin B is effective in treating amebic meningoencephalitis. Some side effects, but it aids in recovery."
Hepatitis E,"Jaundice, Abdominal pain, Dark urine",Ribavirin,Moderate,"Fatigue, Nausea",Ribavirin,"Ribavirin is used in severe cases of Hepatitis E. Some side effects, but it aids in recovery."
Ciguatera Poisoning,"Nausea, Vomiting, Diarrhea",Supportive care,Moderate,None,N/A,"Supportive care helps manage symptoms of ciguatera poisoning. No specific medicine, focus on symptomatic relief."
Naegleriasis (Brain-Eating Amoeba),"Fever, Headache, Nausea",Amphotericin B,High,"Chills, Fever",Amphotericin B,"Amphotericin B is effective in treating Naegleriasis. Some side effects, but it's crucial for eliminating the amoeba."
E. coli Infection,"Diarrhea, Abdominal cramps, Fever",Supportive care,Moderate,None,N/A,"Supportive care helps manage E. coli infection. No specific medicine, focus on rehydration and rest."
Arachnophobia,Intense fear of spiders,Exposure Therapy,High,None,N/A,"Exposure therapy has been highly effective in overcoming my arachnophobia. No side effects, a life-changing treatment."
Acrophobia,Intense fear of heights,Cognitive Behavioral Therapy (CBT),High,None,N/A,"CBT has significantly reduced my fear of heights. No medication needed, and the benefits are long-lasting."
Claustrophobia,Intense fear of confined spaces,"Anti-anxiety medications (e.g., benzodiazepines)",Moderate,"Drowsiness, Dizziness",Varies,"Medication helps manage my claustrophobia symptoms, but side effects can be bothersome."
Agoraphobia,Fear of places or situations that may cause panic or embarrassment,Selective Serotonin Reuptake Inhibitors (SSRIs),High,"Nausea, Insomnia",Varies,"SSRIs have helped in managing my agoraphobia. Some side effects, but the benefits outweigh them."
Ophidiophobia,Intense fear of snakes,Systematic Desensitization Therapy,High,None,N/A,"Desensitization therapy effectively reduced my fear of snakes. No medication needed, and the results are lasting."
Social Anxiety Disorder (Social Phobia),Fear of social situations and interactions,"Cognitive Behavioral Therapy (CBT), Selective Serotonin Reuptake Inhibitors (SSRIs)",High,"Drowsiness, Nausea",Varies,"CBT and SSRIs have been effective in managing my social anxiety. Some side effects, but the improvement is noticeable."
Xenophobia,Fear or aversion towards people from other countries or cultures,"Counseling, Exposure Therapy",Moderate,None,N/A,"Counseling and exposure therapy have helped me address my xenophobia. Minimal side effects, and I feel more open-minded."
Aerophobia,Intense fear of flying,"Gradual Exposure Therapy, Anti-anxiety medications",High,"Drowsiness, Dizziness",Varies,Exposure therapy and anti-anxiety medications have made flying less daunting for me. The occasional side effects are worth the overall improvement.
Hemophobia,Intense fear of blood,Desensitization Therapy,High,None,N/A,"Desensitization therapy has successfully reduced my fear of blood. No medication needed, and I feel more comfortable in medical settings."
Glossophobia,Fear of public speaking,"Public Speaking Training, Beta-Blockers",High,"Fatigue, Dizziness",Varies,Training and occasional use of beta-blockers have made public speaking more manageable. Side effects are minor compared to the anxiety relief.
Nyctophobia,Intense fear of the dark or night,Exposure Therapy,High,None,N/A,"Exposure therapy has been highly effective in overcoming my fear of the dark. No side effects, and I feel more at ease in nighttime situations."
Erythrophobia,Intense fear of blushing or the color red,Cognitive Behavioral Therapy (CBT),High,None,N/A,"CBT has been remarkably effective in managing my fear of blushing. No need for medication, and the results are long-lasting."
Ailurophobia,Intense fear of cats,Gradual Exposure Therapy,High,None,N/A,"Exposure therapy has significantly reduced my fear of cats. No medication needed, and I can now comfortably be around them."
Nomophobia,Fear of being without a mobile phone or losing network connectivity,"Behavioral Therapy, Mindfulness",Moderate,"Anxiety, Restlessness",Varies,"Therapy and mindfulness techniques have helped me cope with nomophobia. Some side effects, but the overall impact is positive."
Pogonophobia,Fear of beards,Desensitization Therapy,High,None,N/A,"Desensitization therapy has successfully addressed my fear of beards. No medication needed, and I feel more at ease in the presence of bearded individuals."
Triskaidekaphobia,Fear of the number 13,Cognitive Behavioral Therapy (CBT),High,None,N/A,"CBT has effectively reduced my fear of the number 13. No need for medication, and I can now approach this number without anxiety."
Venustraphobia,Fear of beautiful women,"Exposure Therapy, Cognitive Restructuring",High,None,N/A,"Therapy techniques have helped me overcome my fear of beautiful women. No medication needed, and I appreciate beauty without anxiety."
Dentophobia,Fear of dentists or dental procedures,"Relaxation Techniques, Sedation Dentistry",High,"Drowsiness, Fatigue",Varies,"Relaxation techniques and sedation dentistry have made dental visits less daunting. Some side effects, but the benefits are significant."
Gephyrophobia,Fear of bridges,Gradual Exposure Therapy,High,None,N/A,"Exposure therapy has successfully reduced my fear of bridges. No medication needed, and I now navigate them with more confidence."
Zoophobia,General fear of animals,"Counseling, Desensitization Therapy",Moderate,None,N/A,"Counseling and desensitization therapy have helped me manage my general fear of animals. No medication needed, and I feel more comfortable around pets."
Turophobia,Fear of cheese,Cognitive Behavioral Therapy (CBT),High,None,N/A,"CBT has effectively addressed my fear of cheese. No medication needed, and I can now enjoy a variety of dishes without anxiety."
Chronomentrophobia,Fear of clocks or time,Cognitive Behavioral Therapy (CBT),High,None,N/A,"CBT has significantly reduced my fear of clocks. No need for medication, and I now handle time-related situations more comfortably."
Ascariasis,"Abdominal pain, Vomiting, Worms in stool",Albendazole,High,"Nausea, Headache",Albendazole,"Albendazole effectively eliminates Ascariasis. Some side effects, but it's crucial for eradicating the worms."
Trichuriasis,"Abdominal pain, Diarrhea, Anemia",Mebendazole,High,"Dizziness, Fatigue",Mebendazole,"Mebendazole is effective in treating Trichuriasis. Some side effects, but it aids in eliminating the worms."
Hookworm Infection,"Itching, Rash, Abdominal pain",Pyrantel Pamoate,High,"Nausea, Dizziness",Pyrantel Pamoate,"Pyrantel Pamoate effectively treats Hookworm Infection. Some side effects, but it's crucial for eliminating the worms."
Pinworm Infection,"Itching around the anus, Insomnia, Irritability",Mebendazole,High,"Nausea, Dizziness",Mebendazole,"Mebendazole is effective against Pinworm Infection. Some side effects, but it aids in eliminating the worms."
Filariasis,"Swelling of limbs, Fever, Painful lumps",Diethylcarbamazine (DEC),High,"Nausea, Headache",Diethylcarbamazine,"Diethylcarbamazine is crucial for treating Filariasis. Some side effects, but it's necessary for eliminating the worms."
Guinea Worm Disease,"Painful skin blister, Worm emerging from the blister",No specific medicine,N/A,N/A,N/A,"No specific medicine is available, but prevention measures are crucial to avoid Guinea Worm Disease."
Tapeworm Infection,"Abdominal pain, Weight loss, Worms in stool",Praziquantel,High,"Nausea, Dizziness",Praziquantel,"Praziquantel effectively eliminates Tapeworm Infection. Some side effects, but it's crucial for eradicating the worms."
Schistosomiasis,"Abdominal pain, Blood in urine, Fatigue",Praziquantel,High,"Headache, Dizziness",Praziquantel,"Praziquantel is effective against Schistosomiasis. Some side effects, but it aids in eliminating the worms."
Echinococcosis,"Abdominal pain, Cysts in organs, Allergic reactions",Albendazole,High,"Nausea, Headache",Albendazole,"Albendazole is crucial for treating Echinococcosis. Some side effects, but it's necessary for eliminating the worms."
Onchocerciasis (River Blindness),"Itchy skin, Visual impairment",Ivermectin,High,"Dizziness, Fatigue",Ivermectin,"Ivermectin effectively treats Onchocerciasis. Some side effects, but it's crucial for preventing blindness caused by the worms."
Conjunctivitis (Pink Eye),"Redness, Itchiness, Watery eyes","Antibiotic eye drops (e.g., Tobramycin)",High,"Burning sensation, Temporary blurred vision",Tobramycin,Tobramycin eye drops effectively treat bacterial conjunctivitis. Mild side effects are worth the quick relief.
Glaucoma,"Gradual vision loss, Eye pain, Halos around lights","Prostaglandin analogs (e.g., Latanoprost)",High,"Eye irritation, Darkening of the iris",Latanoprost,"Latanoprost has effectively controlled my glaucoma. Some eye irritation, but the benefits are crucial for preserving vision."
Cataracts,"Cloudy vision, Sensitivity to light, Double vision",Cataract surgery (no specific medicine),N/A,N/A,N/A,"Cataract surgery is the primary treatment, and it has restored my vision. No medication needed."
Macular Degeneration,"Blurred vision, Distorted vision, Central vision loss","Anti-VEGF drugs (e.g., Ranibizumab)",High,"Eye pain, Redness",Ranibizumab,"Ranibizumab injections have slowed the progression of macular degeneration. Some discomfort, but vision improvement is noticeable."
Retinal Detachment,"Flashes of light, Floaters, Sudden vision loss",Surgery (no specific medicine),N/A,N/A,N/A,"Surgery for retinal detachment saved my vision. No medication, and the recovery was well worth it."
Dry Eye Syndrome,"Dryness, Burning sensation, Blurred vision","Artificial tears, Cyclosporine eye drops",Moderate,"Temporary stinging, Watery eyes",Cyclosporine,"Cyclosporine eye drops have improved my dry eye symptoms. Some initial discomfort, but the relief is significant."
Keratitis,"Eye pain, Redness, Blurred vision","Antibiotic eye drops (e.g., Ciprofloxacin)",High,"Stinging sensation, Temporary blurred vision",Ciprofloxacin,"Ciprofloxacin eye drops effectively treat bacterial keratitis. Some temporary discomfort, but the infection clears up quickly."
Uveitis,"Eye redness, Blurred vision, Eye pain","Corticosteroid eye drops (e.g., Prednisolone)",High,"Increased intraocular pressure, Cataract formation",Prednisolone,"Prednisolone eye drops have effectively treated my uveitis. Some side effects, but the benefits are crucial for managing inflammation."
Strabismus,"Crossed eyes, Double vision, Eye misalignment","Corrective lenses, Eye muscle surgery (no specific medicine)",N/A,N/A,N/A,"Corrective lenses and eye muscle surgery have successfully treated my strabismus. No medication, and vision is now properly aligned."
Type 1 Diabetes,"Excessive thirst, Frequent urination, Fatigue",Insulin injections,High,"Hypoglycemia, Injection site reactions",Insulin,Insulin injections are vital for managing my Type 1 Diabetes. The benefits in controlling blood sugar levels outweigh the inconvenience of injections.
Type 2 Diabetes,"Increased thirst, Frequent urination, Fatigue",Metformin,High,"Nausea, Diarrhea",Metformin,"Metformin has been effective in managing my Type 2 Diabetes. Some side effects initially, but they subside with time."
Gestational Diabetes,"Excessive thirst, Frequent urination, Fatigue","Dietary management, Insulin if needed",Moderate,Varies,Varies,Dietary management and insulin if needed have helped control my gestational diabetes. Regular monitoring is key.
Diabetic Retinopathy,"Blurred vision, Floaters, Vision loss","Anti-VEGF drugs (e.g., Ranibizumab)",High,"Eye pain, Redness",Ranibizumab,"Ranibizumab injections have slowed the progression of diabetic retinopathy. Some discomfort, but vision improvement is noticeable."
Diabetic Neuropathy,"Numbness, Tingling, Burning sensation","Gabapentin, Pregabalin",Moderate,"Drowsiness, Dizziness","Gabapentin, Pregabalin","Gabapentin and pregabalin have helped manage my diabetic neuropathy symptoms. Some drowsiness, but the relief is significant."
Diabetic Nephropathy,"Edema (swelling), Protein in urine, High blood pressure","ACE inhibitors (e.g., Enalapril)",High,"Cough, Dizziness",Enalapril,"Enalapril has effectively controlled my diabetic nephropathy. Some side effects, but it's crucial for kidney protection."
Hypoglycemia,"Shakiness, Sweating, Confusion","Glucose gel, Glucagon injection",High,"Nausea, Rapid heartbeat",Varies,Glucose gel and glucagon injection are rapid and effective for treating hypoglycemia. Side effects are short-lived compared to the benefits.
Hyperglycemia,"Increased thirst, Frequent urination, Fatigue","Insulin, Oral antidiabetic drugs",High,"Hypoglycemia, Weight gain",Varies,"Insulin and oral antidiabetic drugs help manage hyperglycemia. Some side effects, but the benefits in blood sugar control are crucial."
Diabetic Ketoacidosis (DKA),"Deep, rapid breathing, Fruity-smelling breath, Confusion","Insulin, Fluid replacement",High,"Hypoglycemia, Electrolyte imbalances",Insulin,Insulin and fluid replacement are essential for treating diabetic ketoacidosis. The side effects are manageable compared to the life-saving effects.
Lipohypertrophy,Localized swelling at injection site,"Proper injection technique, Rotation of injection sites",Moderate,Varies,Varies,"Proper injection technique and site rotation help prevent lipohypertrophy. No specific medicine, but essential for insulin absorption."
Peripheral Artery Disease (PAD),"Leg pain, Numbness, Weakness","Antiplatelet medications (e.g., Aspirin)",High,"Bleeding risk, Upset stomach",Aspirin,"Aspirin has been effective in managing my PAD. Some side effects, but it's crucial for reducing the risk of complications."
Toxoplasmosis,"Flu-like symptoms, Muscle aches, Swollen lymph nodes","Pyrimethamine, Sulfadiazine",High,"Nausea, Rash","Pyrimethamine, Sulfadiazine","Pyrimethamine and sulfadiazine effectively treat toxoplasmosis. Some side effects, but they are manageable during treatment."
Giardiasis,"Abdominal pain, Diarrhea, Nausea",Metronidazole,High,"Metallic taste, Nausea",Metronidazole,"Metronidazole is effective against giardiasis. Some side effects, but they are temporary compared to the relief it provides."
Trypanosomiasis (African Sleeping Sickness),"Fever, Headache, Swollen lymph nodes","Suramin, Eflornithine",High,"Nausea, Dizziness","Suramin, Eflornithine","Suramin and eflornithine are vital for treating African sleeping sickness. Some side effects, but they are necessary for recovery."
Trichomoniasis,"Itching, Burning sensation, Vaginal discharge",Metronidazole,High,"Metallic taste, Nausea",Metronidazole,"Metronidazole effectively treats trichomoniasis. Some side effects, but they are temporary compared to the relief it provides."
Leishmaniasis,"Skin sores, Fever, Weight loss","Sodium stibogluconate, Miltefosine",High,"Nausea, Muscle pain","Sodium stibogluconate, Miltefosine",Treatment for leishmaniasis with sodium stibogluconate and miltefosine has been effective. Side effects are temporary compared to the benefits.
Schistosomiasis,"Abdominal pain, Blood in urine, Fatigue",Praziquantel,High,"Headache, Dizziness",Praziquantel,"Praziquantel is effective against schistosomiasis. Some side effects, but they aid in eliminating the parasites."
Filariasis,"Swelling of limbs, Fever, Painful lumps",Diethylcarbamazine (DEC),High,"Nausea, Headache",Diethylcarbamazine,"Diethylcarbamazine is crucial for treating filariasis. Some side effects, but they are necessary for eliminating the parasites."
Cysticercosis,"Headache, Seizures, Cognitive impairment","Albendazole, Praziquantel",High,"Nausea, Dizziness","Albendazole, Praziquantel","Albendazole and praziquantel are essential for treating cysticercosis. Some side effects, but they are necessary for eliminating the parasites."
Amebiasis,"Abdominal pain, Diarrhea, Bloody stools",Metronidazole,High,"Metallic taste, Nausea",Metronidazole,"Metronidazole effectively treats amebiasis. Some side effects, but they are temporary compared to the relief it provides."
Kidney Stones,"Severe pain in the back or side, Blood in urine, Frequent urination","Pain relievers, Alpha blockers",High,"Nausea, Dizziness",Varies,"Pain relievers and alpha blockers have effectively managed my kidney stones. Some side effects, but they provide relief during episodes."
Gallstones,"Abdominal pain, Jaundice, Nausea","Cholecystectomy (surgery), Ursodeoxycholic acid",High,"Temporary diarrhea, Upset stomach",Varies,"Cholecystectomy and ursodeoxycholic acid have effectively treated my gallstones. Surgery is effective, and medications help dissolve smaller stones."
Ovarian Cysts,"Pelvic pain, Bloating, Irregular menstruation","Oral contraceptives, Laparoscopic cystectomy",High,"Nausea, Headache",Varies,"Oral contraceptives and laparoscopic cystectomy have effectively managed my ovarian cysts. Some side effects, but they are manageable."
Pancreatic Cysts,"Abdominal pain, Nausea, Vomiting","Monitoring, Drainage if necessary",N/A,N/A,N/A,"Monitoring and drainage when necessary have been effective for managing my pancreatic cysts. No specific medicine, but necessary interventions as needed."
Thyroid Nodules,"Neck swelling, Difficulty swallowing, Hoarseness","Levothyroxine, Radioactive iodine therapy",Varies,Varies,Levothyroxine,"Levothyroxine and radioactive iodine therapy have been effective for managing my thyroid nodules. Some side effects, but the benefits are crucial for thyroid function."
Breast Cysts,"Breast lumps, Tenderness, Changes in size","Fine needle aspiration, Monitoring",N/A,N/A,N/A,"Fine needle aspiration and monitoring have been effective for managing my breast cysts. No specific medicine, but regular check-ups are essential."
Liver Cysts,"Abdominal pain, Bloating, Difficulty breathing",Surgical removal if necessary,N/A,N/A,N/A,"Surgical removal when necessary has effectively treated my liver cysts. No specific medicine, but necessary intervention as needed."
Dermoid Cysts,"Pelvic pain, Lower abdominal swelling, Irregular menstruation",Surgical removal,N/A,N/A,N/A,"Surgical removal has effectively treated my dermoid cysts. No specific medicine, but necessary intervention for complete removal."
Pilonidal Cysts,"Pain at the base of the spine, Redness, Drainage of pus","Incision and drainage, Antibiotics if infected",Varies,Varies,Varies,"Incision and drainage, along with antibiotics if infected, have been effective for managing my pilonidal cysts. Some side effects, but they aid in recovery."
Sebaceous Cysts,"Round, painless lumps under the skin","Incision and drainage, Excision if necessary",Varies,Varies,Varies,"Incision and drainage, and excision if necessary, have effectively managed my sebaceous cysts. Some side effects, but they aid in recovery."
Herniated Disc,"Back pain, Leg pain, Numbness or tingling","Physical therapy, NSAIDs (e.g., Ibuprofen)",Moderate,"Upset stomach, Dizziness",Ibuprofen,"Physical therapy combined with NSAIDs has been moderately effective in managing my herniated disc. Some side effects, but the relief is noticeable."
Scoliosis,"Spinal curvature, Uneven shoulders, Back pain","Bracing, Physical therapy",Moderate,"Skin irritation, Mild discomfort",Varies,"Bracing and physical therapy have been moderately effective in managing my scoliosis. Some side effects, but they contribute to maintaining spinal alignment."
Spinal Stenosis,"Back pain, Numbness or weakness, Difficulty walking","Pain relievers, Physical therapy",Moderate,"Nausea, Dizziness",Varies,"Pain relievers and physical therapy have been moderately effective in managing my spinal stenosis. Some side effects, but they provide relief during episodes."
Osteoporosis of the Spine,"Loss of height, Back pain, Fractures","Bisphosphonates (e.g., Alendronate)",High,"Upset stomach, Joint pain",Alendronate,"Alendronate has been highly effective in managing my osteoporosis of the spine. Some side effects, but the benefits in bone health are crucial."
Kyphosis,"Forward curvature of the spine, Hunched back, Back pain","Physical therapy, Bracing",Moderate,"Mild discomfort, Skin irritation",Varies,"Physical therapy and bracing have been moderately effective in managing my kyphosis. Some side effects, but they contribute to maintaining spinal alignment."
Spinal Cord Injury,"Loss of sensation, Paralysis, Difficulty breathing",No specific medicine (rehabilitation),N/A,N/A,N/A,"Rehabilitation is essential for managing spinal cord injuries. No specific medicine, but interventions focus on maximizing functional recovery."
Ankylosing Spondylitis,"Stiffness, Pain in the lower back, Reduced flexibility","TNF inhibitors (e.g., Adalimumab)",High,"Injection site reactions, Headache",Adalimumab,"TNF inhibitors, such as adalimumab, have been highly effective in managing my ankylosing spondylitis. Some side effects, but the improvement in symptoms is significant."
Degenerative Disc Disease,"Back pain, Stiffness, Radiating pain","Pain relievers, Physical therapy",Moderate,"Nausea, Dizziness",Varies,"Pain relievers and physical therapy have been moderately effective in managing my degenerative disc disease. Some side effects, but they provide relief during episodes."
Spinal Tumors,"Back pain, Neurological deficits, Difficulty walking","Surgery, Radiation therapy, Chemotherapy",Varies,Varies,Varies,"Treatment for spinal tumors involves surgery, radiation therapy, and chemotherapy. No specific medicine, but interventions focus on tumor removal and management."
Spinal Fractures,"Back pain, Limited mobility, Difficulty standing","Bracing, Pain relievers",Moderate,"Nausea, Dizziness",Varies,"Bracing and pain relievers have been moderately effective in managing my spinal fractures. Some side effects, but they contribute to pain relief and healing."
Quadriplegia,"Paralysis of all four limbs, Impaired torso and pelvic organs","Physical therapy, Assistive devices",Moderate,Varies,Varies,"Physical therapy and assistive devices have been moderately effective in managing my quadriplegia. Some limitations, but they contribute to maintaining functionality."
Paraplegia,"Paralysis of the lower limbs, Impaired trunk and pelvic organs","Physical therapy, Assistive devices",Moderate,Varies,Varies,"Physical therapy and assistive devices have been moderately effective in managing my paraplegia. Some limitations, but they contribute to maintaining functionality."
Hemiplegia,"Paralysis of one side of the body, Impaired arm and leg function","Rehabilitation, Medications for underlying causes",Moderate,Varies,Varies,"Rehabilitation and medications for underlying causes have been moderately effective in managing my hemiplegia. Some limitations, but they contribute to maintaining functionality."
Diplegia,Paralysis affecting corresponding parts on both sides of the body,"Physical therapy, Assistive devices",Moderate,Varies,Varies,"Physical therapy and assistive devices have been moderately effective in managing my diplegia. Some limitations, but they contribute to maintaining functionality."
Monoplegia,Paralysis of a single limb or body part,"Physical therapy, Assistive devices",Moderate,Varies,Varies,"Physical therapy and assistive devices have been moderately effective in managing my monoplegia. Some limitations, but they contribute to maintaining functionality."
Locked-In Syndrome,"Paralysis of voluntary muscles, Except for eye movement","Supportive care, Communication devices",N/A,N/A,N/A,"Supportive care and communication devices are essential for managing Locked-In Syndrome. No specific medicine, but interventions focus on comfort and communication."
Conversion Disorder (Functional Neurological Symptom Disorder),Temporary paralysis or weakness without apparent physical cause,"Psychotherapy, Physical therapy",Varies,Varies,Varies,Psychotherapy and physical therapy have variable effectiveness in managing conversion disorder. Outcomes depend on individual response to treatment.
Guillain-Barré Syndrome,"Weakness, Paralysis starting from the legs and progressing upward","Intravenous immunoglobulin (IVIG), Plasma exchange",High,"Headache, Fatigue",IVIG,"IVIG and plasma exchange have been highly effective in managing Guillain-Barré Syndrome. Some side effects, but they are necessary for recovery."
Bell's Palsy,"Facial paralysis, Drooping on one side of the face","Corticosteroids, Physical therapy",High,"Upset stomach, Increased appetite",Corticosteroids,"Corticosteroids and physical therapy have been highly effective in managing Bell's Palsy. Some side effects, but the improvement in facial function is significant."
Cerebral Palsy,"Impaired muscle coordination, Difficulty in movement","Physical therapy, Assistive devices",Moderate,Varies,Varies,"Physical therapy and assistive devices have been moderately effective in managing cerebral palsy. Some limitations, but they contribute to maintaining functionality."